T_amb,T_gc_out,P_h_2,alpha_2,delta_h_CO2_2,beta_2_max,COP_star_2,COP_CO2_2,COP_DMS_CO2
311.29999999999995,316.29999999999995,10309656.88112336,0.42,115.84529852878343,0.6167275617303767,1.3232793347181744,0.9987754708856612,5.844241283288724
