T_amb,T_gc_out,P_h_2,alpha_2,delta_h_CO2_2,beta_2_max,COP_star_2,COP_CO2_2,COP_DMS_CO2
305.6,310.6,9112451.672801148,0.7,129.35186064866534,0.11828282389182512,1.8339621254378091,1.3732942145050757,3.52150369213556
