T_amb,T_gc_out,P_h_2,alpha_2,delta_h_CO2_2,beta_2_max,COP_star_2,COP_CO2_2,COP_DMS_CO2
306.95,311.95,9405540.43834287,0.7,126.11102550626349,0.16655281891515586,1.734855913083009,1.2707797395668596,3.627130261575859
