T_amb,T_gc_out,P_h_2,alpha_2,delta_h_CO2_2,beta_2_max,COP_star_2,COP_CO2_2,COP_DMS_CO2
306.95,311.95,9405540.43834287,0.7405763979065739,126.11102550626349,0.1259764210085739,1.7353832358987331,1.2707797395668596,3.4274188934160894
