T_amb,T_gc_out,P_h_2,alpha_2,delta_h_CO2_2,beta_2_max,COP_star_2,COP_CO2_2,COP_DMS_CO2
304.2092592592592,309.2092592592592,8804219.23203816,0.6289628097582816,132.71586860210252,0.1416218508512936,1.9465977678477164,1.490293945393825,3.793113741951754
