T_amb,T_gc_out,P_h_2,alpha_2,delta_h_CO2_2,beta_2_max,COP_star_2,COP_CO2_2,COP_DMS_CO2
311.29999999999995,316.29999999999995,10309656.88112336,0.8,115.84529852878343,0.23672756173037685,1.4629958837791632,0.9987754708856612,3.4915282213892134
