T_amb,T_gc_out,P_h_2,alpha_2,delta_h_CO2_2,beta_2_max,COP_star_2,COP_CO2_2,COP_DMS_CO2
312.4,317.4,10528097.20289888,0.9617927048975939,113.2825154930689,0.12210074174714532,1.4167564731179356,0.9413408382520799,2.983296529508896
