T_amb,T_gc_out,P_h_2,alpha,delta_h_CO2_2,beta_2_max,COP_star_2,COP_CO2_2,COP_DMS_CO2
307.2308641975308,312.2308641975308,9465778.577128556,0.45,125.44020886040497,0.23736086949784224,1.638731062554209,1.2506781340214674,5.277679655288139
