T_amb,T_gc_out,P_h_2,alpha,delta_h_CO2_2,beta_2_max,COP_star_2,COP_CO2_2,COP_DMS_CO2
295.0074074074074,301.5809936342593,6959942.778131278,0.40050062574890544,150.11043489466147,0.0,2.892942933988932,2.4560358907120423,5.20474449350153
