T_amb,T_gc_out,P_h_2,alpha,delta_h_CO2_2,beta_2_max,COP_star_2,COP_CO2_2,COP_DMS_CO2
306.96049382716046,311.96049382716046,9407795.303966071,0.45,126.08593282986443,0.22811677763130978,1.6609846505706694,1.270021452027375,5.257753538608453
