T_amb,T_gc_out,P_h_2,alpha_2,delta_h_CO2_2,beta_2_max,COP_star_2,COP_CO2_2,COP_DMS_CO2
311.75,316.75,10399536.25419438,0.4,114.79568939549296,0.8446944602326428,1.2820576149830172,0.974803097964604,6.047191431267249
