T_amb,T_gc_out,P_h_2,alpha_2,delta_h_CO2_2,beta_2_max,COP_star_2,COP_CO2_2,COP_DMS_CO2
305.6,310.6,9112451.672801148,0.4,129.35186064866534,0.5893716718835508,1.7502776081787517,1.3732942145050757,5.579031505347604
