T_amb,T_gc_out,P_h_2,alpha_2,delta_h_CO2_2,beta_2_max,COP_star_2,COP_CO2_2,COP_DMS_CO2
295.21220472440945,301.76842002952753,6989770.864567655,0.2,148.90198745236714,0.3682325002329354,2.7165857895795447,2.419521562254239,7.035789872590488
