T_amb,T_gc_out,P_h_2,alpha_2,delta_h_CO2_2,beta_2_max,COP_star_2,COP_CO2_2,COP_DMS_CO2
302.3487654320988,307.3487654320988,8381356.545133269,0.2,137.24437270351692,0.5099128245906676,1.9082704475287997,1.6683930020176079,6.788285419872597
