T_amb,T_gc_out,P_h_2,alpha_2,delta_h_CO2_2,beta_2_max,COP_star_2,COP_CO2_2,COP_DMS_CO2
292.9864197530864,300.04624749228395,6720183.466267691,0.3332536957271698,158.74697618870582,0.21080013529847258,3.137908354630321,2.749167865724593,5.450693645339838
