T_amb,T_gc_out,P_h_2,alpha_2,delta_h_CO2_2,beta_2_max,COP_star_2,COP_CO2_2,COP_DMS_CO2
299.49567901234565,304.49567901234565,7709170.964763658,0.35,144.2426123083878,0.27326704501101695,2.402535160925671,2.003829343746368,5.567755560406433
