T_amb,T_gc_out,P_h_2,alpha_2,delta_h_CO2_2,beta_2_max,COP_star_2,COP_CO2_2,COP_DMS_CO2
281.0216560509554,289.2379984325239,5221793.904825757,0.12697767276098818,199.08188771268553,0.0,5.46679310593844,5.342174182747284,6.697141344782025
