T_amb,T_gc_out,P_h_2,alpha_2,delta_h_CO2_2,beta_2_max,COP_star_2,COP_CO2_2,COP_DMS_CO2
297.79999999999995,303.7473125,7312964.328017147,0.35,129.93356662479013,0.4494205304794174,2.4131889444156873,1.9635717071078855,6.979103546749029
