T_amb,T_gc_out,P_h_2,alpha,delta_h_CO2_2,beta_2_max,COP_star_2,COP_CO2_2,COP_DMS_CO2
299.4,304.4,7686167.038070969,0.45,144.47937818285362,0.0,2.4448894139345163,2.0166985324936375,4.628966440229799
