T_amb,T_gc_out,P_h_2,alpha_2,delta_h_CO2_2,beta_2_max,COP_star_2,COP_CO2_2,COP_DMS_CO2
304.2092592592592,309.2092592592592,8804219.23203816,0.25,132.71586860210252,0.5205846606092951,1.766469945845812,1.490293945393825,6.8273550926461155
