T_amb,T_gc_out,P_h_2,alpha_2,delta_h_CO2_2,beta_2_max,COP_star_2,COP_CO2_2,COP_DMS_CO2
312.9,317.9,10625964.988431828,0.25,112.12070881757937,0.8559693121631635,1.1093285664271006,0.9164949926949367,7.003921116587905
