T_amb,T_gc_out,P_h_2,alpha_2,delta_h_CO2_2,beta_2_max,COP_star_2,COP_CO2_2,COP_DMS_CO2
291.96535433070864,299.00497594734253,6561818.482705918,0.25,163.77228472429886,0.1733344038899842,3.296216965215926,2.948956267407137,6.231371051528485
