T_amb,T_gc_out,P_h_2,alpha_2,delta_h_CO2_2,beta_2_max,COP_star_2,COP_CO2_2,COP_DMS_CO2
312.7,317.7,10586925.18251105,0.25,112.5852130626674,0.8470896654581008,1.1208691446151744,0.9263425154008132,7.004430455900385
